GEOID,neon_region
01001,8
01003,3
01005,3
01007,8
01009,8
01011,8
01013,3
01015,8
01017,8
01019,8
01021,8
01023,8
01025,3
01027,8
01029,8
01031,3
01033,8
01035,3
01037,8
01039,3
01041,3
01043,8
01045,3
01047,8
01049,8
01051,8
01053,3
01055,8
01057,8
01059,8
01061,3
01063,8
01065,8
01067,3
01069,3
01071,8
01073,8
01075,8
01077,8
01079,8
01081,8
01083,8
01085,8
01087,8
01089,8
01091,8
01093,8
01095,8
01097,3
01099,3
01101,8
01103,8
01105,8
01107,8
01109,3
01111,8
01113,8
01115,8
01117,8
01119,8
01121,8
01123,8
01125,8
01127,8
01129,3
01131,8
01133,8
04001,13
04003,14
04005,13
04007,14
04009,14
04011,14
04012,14
04013,14
04015,14
04017,13
04019,14
04021,14
04023,14
04025,13
04027,14
05001,8
05003,8
05005,8
05007,8
05009,8
05011,8
05013,8
05015,8
05017,8
05019,8
05021,8
05023,8
05025,8
05027,8
05029,8
05031,8
05033,8
05035,8
05037,8
05039,8
05041,8
05043,8
05045,8
05047,8
05049,8
05051,8
05053,8
05055,8
05057,8
05059,8
05061,8
05063,8
05065,8
05067,8
05069,8
05071,8
05073,8
05075,8
05077,8
05079,8
05081,8
05083,8
05085,8
05087,8
05089,8
05091,8
05093,8
05095,8
05097,8
05099,8
05101,8
05103,8
05105,8
05107,8
05109,8
05111,8
05113,8
05115,8
05117,8
05119,8
05121,8
05123,8
05125,8
05127,8
05129,8
05131,8
05133,8
05135,8
05137,8
05139,8
05141,8
05143,8
05145,8
05147,8
05149,8
06001,17
06003,17
06005,17
06007,17
06009,17
06011,17
06013,17
06015,16
06017,17
06019,17
06021,17
06023,16
06025,14
06027,15
06029,17
06031,17
06033,17
06035,15
06037,17
06039,17
06041,17
06043,17
06045,17
06047,17
06049,15
06051,15
06053,17
06055,17
06057,17
06059,17
06061,17
06063,17
06065,14
06067,17
06069,17
06071,14
06073,17
06075,17
06077,17
06079,17
06081,17
06083,17
06085,17
06087,17
06089,17
06091,17
06093,16
06095,17
06097,17
06099,17
06101,17
06103,17
06105,16
06107,17
06109,17
06111,17
06113,17
06115,17
08001,10
08003,13
08005,10
08007,13
08009,10
08011,10
08013,10
08014,10
08015,13
08017,10
08019,13
08021,13
08023,13
08025,10
08027,13
08029,13
08031,10
08033,13
08035,10
08037,13
08039,10
08041,13
08043,13
08045,13
08047,13
08049,13
08051,13
08053,13
08055,13
08057,13
08059,10
08061,10
08063,10
08065,13
08067,13
08069,10
08071,13
08073,10
08075,10
08077,13
08079,13
08081,13
08083,13
08085,13
08087,10
08089,10
08091,13
08093,13
08095,10
08097,13
08099,10
08101,10
08103,13
08105,13
08107,13
08109,13
08111,13
08113,13
08115,10
08117,13
08119,13
08121,10
08123,10
08125,10
09001,1
09003,1
09005,1
09007,1
09009,1
09011,1
09013,1
09015,1
10001,2
10003,2
10005,2
11001,2
12001,3
12003,3
12005,3
12007,3
12009,3
12011,4
12013,3
12015,3
12017,3
12019,3
12021,4
12023,3
12027,3
12029,3
12031,3
12033,3
12035,3
12037,3
12039,3
12041,3
12043,3
12045,3
12047,3
12049,3
12051,4
12053,3
12055,3
12057,3
12059,3
12061,3
12063,3
12065,3
12067,3
12069,3
12071,3
12073,3
12075,3
12077,3
12079,3
12081,3
12083,3
12085,3
12086,4
12087,NA
12089,3
12091,3
12093,3
12095,3
12097,3
12099,4
12101,3
12103,3
12105,3
12107,3
12109,3
12111,3
12113,3
12115,3
12117,3
12119,3
12121,3
12123,3
12125,3
12127,3
12129,3
12131,3
12133,3
13001,3
13003,3
13005,3
13007,3
13009,2
13011,2
13013,2
13015,2
13017,3
13019,3
13021,2
13023,2
13025,3
13027,3
13029,3
13031,3
13033,3
13035,2
13037,3
13039,3
13043,3
13045,2
13047,8
13049,3
13051,3
13053,8
13055,8
13057,2
13059,2
13061,3
13063,2
13065,3
13067,2
13069,3
13071,3
13073,3
13075,3
13077,2
13079,8
13081,3
13083,8
13085,2
13087,3
13089,2
13091,3
13093,3
13095,3
13097,2
13099,3
13101,3
13103,3
13105,2
13107,3
13109,3
13111,7
13113,2
13115,8
13117,2
13119,2
13121,2
13123,7
13125,3
13127,3
13129,8
13131,3
13133,2
13135,2
13137,7
13139,2
13141,2
13143,8
13145,8
13147,2
13149,8
13151,2
13153,8
13155,3
13157,2
13159,2
13161,3
13163,3
13165,3
13167,3
13169,2
13171,2
13173,3
13175,3
13177,3
13179,3
13181,2
13183,3
13185,3
13187,7
13189,3
13191,3
13193,8
13195,2
13197,8
13199,2
13201,3
13205,3
13207,2
13209,3
13211,2
13213,8
13215,8
13217,2
13219,2
13221,2
13223,2
13225,8
13227,7
13229,3
13231,2
13233,8
13235,3
13237,2
13239,3
13241,7
13243,3
13245,3
13247,2
13249,8
13251,3
13253,3
13255,2
13257,2
13259,3
13261,3
13263,8
13265,3
13267,3
13269,8
13271,3
13273,3
13275,3
13277,3
13279,3
13281,7
13283,3
13285,8
13287,3
13289,2
13291,7
13293,2
13295,8
13297,2
13299,3
13301,3
13303,3
13305,3
13307,3
13309,3
13311,7
13313,8
13315,3
13317,2
13319,2
13321,3
15001,20
15003,20
15005,20
15007,20
15009,20
16001,15
16003,12
16005,12
16007,12
16009,15
16011,12
16013,12
16015,15
16017,12
16019,12
16021,12
16023,12
16025,15
16027,15
16029,12
16031,15
16033,12
16035,12
16037,12
16039,15
16041,12
16043,12
16045,15
16047,15
16049,12
16051,12
16053,15
16055,15
16057,15
16059,12
16061,12
16063,15
16065,12
16067,15
16069,15
16071,12
16073,15
16075,15
16077,12
16079,12
16081,12
16083,15
16085,12
16087,15
17001,6
17003,8
17005,6
17007,6
17009,6
17011,6
17013,6
17015,6
17017,6
17019,6
17021,6
17023,6
17025,6
17027,6
17029,6
17031,5
17033,7
17035,6
17037,6
17039,6
17041,6
17043,6
17045,6
17047,7
17049,6
17051,6
17053,6
17055,6
17057,6
17059,7
17061,6
17063,6
17065,6
17067,6
17069,7
17071,6
17073,6
17075,6
17077,6
17079,6
17081,6
17083,6
17085,6
17087,6
17089,6
17091,6
17093,6
17095,6
17097,6
17099,6
17101,7
17103,6
17105,6
17107,6
17109,6
17111,6
17113,6
17115,6
17117,6
17119,6
17121,6
17123,6
17125,6
17127,6
17129,6
17131,6
17133,6
17135,6
17137,6
17139,6
17141,6
17143,6
17145,6
17147,6
17149,6
17151,6
17153,8
17155,6
17157,6
17159,7
17161,6
17163,6
17165,6
17167,6
17169,6
17171,6
17173,6
17175,6
17177,6
17179,6
17181,8
17183,6
17185,7
17187,6
17189,6
17191,7
17193,7
17195,6
17197,6
17199,6
17201,6
17203,6
18001,5
18003,5
18005,7
18007,6
18009,6
18011,6
18013,6
18015,6
18017,6
18019,7
18021,6
18023,6
18025,7
18027,7
18029,7
18031,6
18033,5
18035,6
18037,7
18039,5
18041,6
18043,7
18045,6
18047,7
18049,6
18051,7
18053,6
18055,6
18057,6
18059,6
18061,7
18063,6
18065,6
18067,6
18069,6
18071,7
18073,6
18075,6
18077,7
18079,7
18081,6
18083,7
18085,6
18087,5
18089,5
18091,5
18093,7
18095,6
18097,6
18099,6
18101,7
18103,6
18105,6
18107,6
18109,6
18111,6
18113,5
18115,7
18117,7
18119,6
18121,6
18123,7
18125,7
18127,5
18129,7
18131,6
18133,6
18135,6
18137,7
18139,6
18141,5
18143,7
18145,6
18147,7
18149,5
18151,5
18153,6
18155,7
18157,6
18159,6
18161,6
18163,7
18165,6
18167,6
18169,6
18171,6
18173,7
18175,7
18177,6
18179,5
18181,6
18183,5
19001,6
19003,6
19005,6
19007,6
19009,6
19011,6
19013,6
19015,6
19017,6
19019,6
19021,6
19023,6
19025,6
19027,6
19029,6
19031,6
19033,6
19035,6
19037,6
19039,6
19041,6
19043,6
19045,6
19047,6
19049,6
19051,6
19053,6
19055,6
19057,6
19059,6
19061,6
19063,6
19065,6
19067,6
19069,6
19071,6
19073,6
19075,6
19077,6
19079,6
19081,6
19083,6
19085,6
19087,6
19089,6
19091,6
19093,6
19095,6
19097,6
19099,6
19101,6
19103,6
19105,6
19107,6
19109,6
19111,6
19113,6
19115,6
19117,6
19119,6
19121,6
19123,6
19125,6
19127,6
19129,6
19131,6
19133,9
19135,6
19137,6
19139,6
19141,6
19143,6
19145,6
19147,6
19149,6
19151,6
19153,6
19155,6
19157,6
19159,6
19161,6
19163,6
19165,6
19167,6
19169,6
19171,6
19173,6
19175,6
19177,6
19179,6
19181,6
19183,6
19185,6
19187,6
19189,6
19191,6
19193,9
19195,6
19197,6
20001,8
20003,8
20005,6
20007,11
20009,10
20011,8
20013,6
20015,6
20017,6
20019,8
20021,8
20023,10
20025,10
20027,6
20029,6
20031,8
20033,10
20035,11
20037,8
20039,10
20041,6
20043,6
20045,6
20047,10
20049,6
20051,10
20053,10
20055,10
20057,10
20059,6
20061,6
20063,10
20065,10
20067,10
20069,10
20071,10
20073,6
20075,10
20077,11
20079,6
20081,10
20083,10
20085,6
20087,6
20089,10
20091,6
20093,10
20095,6
20097,10
20099,8
20101,10
20103,6
20105,6
20107,8
20109,10
20111,6
20113,6
20115,6
20117,6
20119,10
20121,6
20123,10
20125,8
20127,6
20129,10
20131,6
20133,6
20135,10
20137,10
20139,6
20141,10
20143,6
20145,10
20147,10
20149,6
20151,10
20153,10
20155,10
20157,6
20159,6
20161,6
20163,10
20165,10
20167,10
20169,6
20171,10
20173,6
20175,10
20177,6
20179,10
20181,10
20183,10
20185,10
20187,10
20189,10
20191,11
20193,10
20195,10
20197,6
20199,10
20201,6
20203,10
20205,6
20207,8
20209,6
21001,7
21003,7
21005,7
21007,8
21009,7
21011,7
21013,7
21015,7
21017,7
21019,7
21021,7
21023,7
21025,7
21027,7
21029,7
21031,7
21033,7
21035,8
21037,7
21039,8
21041,7
21043,7
21045,7
21047,7
21049,7
21051,7
21053,7
21055,7
21057,7
21059,7
21061,7
21063,7
21065,7
21067,7
21069,7
21071,7
21073,7
21075,8
21077,7
21079,7
21081,7
21083,8
21085,7
21087,7
21089,7
21091,7
21093,7
21095,7
21097,7
21099,7
21101,7
21103,7
21105,8
21107,7
21109,7
21111,7
21113,7
21115,7
21117,7
21119,7
21121,7
21123,7
21125,7
21127,7
21129,7
21131,7
21133,7
21135,7
21137,7
21139,6
21141,7
21143,8
21145,6
21147,7
21149,7
21151,7
21153,7
21155,7
21157,8
21159,7
21161,7
21163,7
21165,7
21167,7
21169,8
21171,8
21173,7
21175,7
21177,7
21179,7
21181,7
21183,7
21185,7
21187,7
21189,7
21191,7
21193,7
21195,7
21197,7
21199,7
21201,7
21203,7
21205,7
21207,7
21209,7
21211,7
21213,7
21215,7
21217,7
21219,7
21221,8
21223,7
21225,7
21227,7
21229,7
21231,7
21233,7
21235,7
21237,7
21239,7
22001,3
22003,3
22005,3
22007,3
22009,3
22011,3
22013,8
22015,8
22017,8
22019,3
22021,8
22023,3
22025,8
22027,8
22029,8
22031,11
22033,3
22035,8
22037,3
22039,3
22041,8
22043,8
22045,3
22047,3
22049,8
22051,3
22053,3
22055,3
22057,3
22059,8
22061,8
22063,3
22065,8
22067,8
22069,8
22071,3
22073,8
22075,3
22077,3
22079,8
22081,8
22083,8
22085,8
22087,3
22089,3
22091,3
22093,3
22095,3
22097,3
22099,3
22101,3
22103,3
22105,3
22107,8
22109,3
22111,8
22113,3
22115,8
22117,3
22119,8
22121,3
22123,8
22125,3
22127,8
23001,1
23003,1
23005,1
23007,1
23009,1
23011,1
23013,1
23015,1
23017,1
23019,1
23021,1
23023,1
23025,1
23027,1
23029,1
23031,1
24001,2
24003,2
24005,2
24009,2
24011,2
24013,2
24015,2
24017,2
24019,2
24021,2
24023,1
24025,2
24027,2
24029,2
24031,2
24033,2
24035,2
24037,2
24039,2
24041,2
24043,2
24045,2
24047,2
24510,2
25001,1
25003,1
25005,1
25007,NA
25009,1
25011,1
25013,1
25015,1
25017,1
25019,NA
25021,1
25023,1
25025,1
25027,1
26001,5
26003,5
26005,5
26007,5
26009,5
26011,5
26013,5
26015,5
26017,5
26019,5
26021,5
26023,5
26025,5
26027,5
26029,5
26031,5
26033,5
26035,5
26037,5
26039,5
26041,5
26043,5
26045,5
26047,5
26049,5
26051,5
26053,5
26055,5
26057,5
26059,5
26061,5
26063,5
26065,5
26067,5
26069,5
26071,5
26073,5
26075,5
26077,5
26079,5
26081,5
26083,5
26085,5
26087,5
26089,5
26091,5
26093,5
26095,5
26097,5
26099,5
26101,5
26103,5
26105,5
26107,5
26109,5
26111,5
26113,5
26115,5
26117,5
26119,5
26121,5
26123,5
26125,5
26127,5
26129,5
26131,5
26133,5
26135,5
26137,5
26139,5
26141,5
26143,5
26145,5
26147,5
26149,5
26151,5
26153,5
26155,5
26157,5
26159,5
26161,5
26163,5
26165,5
27001,5
27003,5
27005,9
27007,5
27009,5
27011,9
27013,6
27015,6
27017,5
27019,6
27021,5
27023,9
27025,5
27027,9
27029,9
27031,5
27033,6
27035,5
27037,6
27039,6
27041,9
27043,6
27045,6
27047,6
27049,6
27051,9
27053,6
27055,6
27057,5
27059,5
27061,5
27063,6
27065,5
27067,9
27069,9
27071,5
27073,9
27075,5
27077,5
27079,6
27081,9
27083,9
27085,6
27087,9
27089,9
27091,6
27093,9
27095,5
27097,5
27099,6
27101,6
27103,6
27105,6
27107,9
27109,6
27111,9
27113,9
27115,5
27117,6
27119,9
27121,9
27123,6
27125,9
27127,6
27129,6
27131,6
27133,6
27135,9
27137,5
27139,6
27141,5
27143,6
27145,5
27147,6
27149,9
27151,9
27153,9
27155,9
27157,6
27159,9
27161,6
27163,6
27165,6
27167,9
27169,6
27171,6
27173,9
28001,8
28003,8
28005,3
28007,8
28009,8
28011,8
28013,8
28015,8
28017,8
28019,8
28021,8
28023,8
28025,8
28027,8
28029,8
28031,8
28033,8
28035,3
28037,8
28039,3
28041,3
28043,8
28045,3
28047,3
28049,8
28051,8
28053,8
28055,8
28057,8
28059,3
28061,8
28063,8
28065,8
28067,8
28069,8
28071,8
28073,3
28075,8
28077,8
28079,8
28081,8
28083,8
28085,8
28087,8
28089,8
28091,3
28093,8
28095,8
28097,8
28099,8
28101,8
28103,8
28105,8
28107,8
28109,3
28111,3
28113,3
28115,8
28117,8
28119,8
28121,8
28123,8
28125,8
28127,8
28129,8
28131,3
28133,8
28135,8
28137,8
28139,8
28141,8
28143,8
28145,8
28147,3
28149,8
28151,8
28153,8
28155,8
28157,3
28159,8
28161,8
28163,8
29001,6
29003,6
29005,6
29007,6
29009,8
29011,8
29013,8
29015,8
29017,8
29019,6
29021,6
29023,8
29025,6
29027,6
29029,8
29031,8
29033,6
29035,8
29037,6
29039,8
29041,6
29043,8
29045,6
29047,6
29049,6
29051,6
29053,6
29055,8
29057,8
29059,8
29061,6
29063,6
29065,8
29067,8
29069,8
29071,6
29073,6
29075,6
29077,8
29079,6
29081,6
29083,6
29085,8
29087,6
29089,6
29091,8
29093,8
29095,6
29097,8
29099,6
29101,6
29103,6
29105,8
29107,6
29109,8
29111,6
29113,6
29115,6
29117,6
29119,8
29121,6
29123,8
29125,8
29127,6
29129,6
29131,8
29133,8
29135,8
29137,6
29139,6
29141,8
29143,8
29145,8
29147,6
29149,8
29151,8
29153,8
29155,8
29157,8
29159,6
29161,8
29163,6
29165,6
29167,8
29169,8
29171,6
29173,6
29175,6
29177,6
29179,8
29181,8
29183,6
29185,8
29186,6
29187,8
29189,6
29195,6
29197,6
29199,6
29201,8
29203,8
29205,6
29207,8
29209,8
29211,6
29213,8
29215,8
29217,8
29219,6
29221,8
29223,8
29225,8
29227,6
29229,8
29510,6
30001,12
30003,9
30005,9
30007,12
30009,9
30011,9
30013,12
30015,9
30017,9
30019,9
30021,9
30023,12
30025,9
30027,9
30029,12
30031,12
30033,9
30035,9
30037,9
30039,12
30041,9
30043,12
30045,9
30047,12
30049,12
30051,9
30053,12
30055,9
30057,12
30059,12
30061,12
30063,12
30065,9
30067,12
30069,9
30071,9
30073,9
30075,9
30077,12
30079,9
30081,12
30083,9
30085,9
30087,9
30089,12
30091,9
30093,12
30095,9
30097,9
30099,9
30101,9
30103,9
30105,9
30107,9
30109,9
30111,9
31001,10
31003,9
31005,9
31007,10
31009,9
31011,9
31013,9
31015,9
31017,9
31019,10
31021,9
31023,6
31025,6
31027,9
31029,10
31031,9
31033,10
31035,6
31037,10
31039,6
31041,10
31043,9
31045,9
31047,10
31049,10
31051,9
31053,6
31055,6
31057,10
31059,6
31061,10
31063,10
31065,10
31067,6
31069,10
31071,9
31073,10
31075,9
31077,10
31079,10
31081,6
31083,10
31085,10
31087,10
31089,9
31091,9
31093,10
31095,6
31097,6
31099,10
31101,10
31103,9
31105,10
31107,9
31109,6
31111,10
31113,10
31115,9
31117,9
31119,9
31121,10
31123,9
31125,10
31127,6
31129,6
31131,6
31133,6
31135,10
31137,10
31139,9
31141,10
31143,6
31145,10
31147,6
31149,9
31151,6
31153,6
31155,6
31157,9
31159,6
31161,9
31163,10
31165,9
31167,9
31169,6
31171,9
31173,9
31175,10
31177,6
31179,9
31181,10
31183,9
31185,6
32001,15
32003,13
32005,15
32007,15
32009,15
32011,15
32013,15
32015,15
32017,15
32019,15
32021,15
32023,14
32027,15
32029,15
32031,15
32033,15
32510,15
33001,1
33003,1
33005,1
33007,1
33009,1
33011,1
33013,1
33015,1
33017,1
33019,1
34001,2
34003,1
34005,2
34007,2
34009,2
34011,2
34013,1
34015,2
34017,1
34019,2
34021,2
34023,1
34025,2
34027,1
34029,2
34031,1
34033,2
34035,1
34037,1
34039,1
34041,1
35001,13
35003,13
35005,14
35006,13
35007,13
35009,10
35011,10
35013,14
35015,14
35017,13
35019,13
35021,10
35023,14
35025,10
35027,13
35028,13
35029,14
35031,13
35033,13
35035,14
35037,10
35039,13
35041,10
35043,13
35045,13
35047,13
35049,13
35051,14
35053,14
35055,13
35057,13
35059,13
35061,14
36001,1
36003,1
36005,1
36007,1
36009,1
36011,1
36013,1
36015,1
36017,1
36019,1
36021,1
36023,1
36025,1
36027,1
36029,1
36031,1
36033,1
36035,1
36037,1
36039,1
36041,1
36043,1
36045,1
36047,1
36049,1
36051,1
36053,1
36055,1
36057,1
36059,1
36061,1
36063,1
36065,1
36067,1
36069,1
36071,1
36073,1
36075,1
36077,1
36079,1
36081,1
36083,1
36085,NA
36087,1
36089,1
36091,1
36093,1
36095,1
36097,1
36099,1
36101,1
36103,1
36105,1
36107,1
36109,1
36111,1
36113,1
36115,1
36117,1
36119,1
36121,1
36123,1
37001,2
37003,2
37005,7
37007,2
37009,7
37011,7
37013,2
37015,2
37017,2
37019,2
37021,7
37023,2
37025,2
37027,2
37029,2
37031,2
37033,2
37035,2
37037,2
37039,7
37041,2
37043,7
37045,2
37047,2
37049,NA
37051,2
37053,2
37055,NA
37057,2
37059,2
37061,2
37063,2
37065,2
37067,2
37069,2
37071,2
37073,2
37075,7
37077,2
37079,2
37081,2
37083,2
37085,2
37087,7
37089,7
37091,2
37093,2
37095,2
37097,2
37099,7
37101,2
37103,2
37105,2
37107,2
37109,2
37111,2
37113,7
37115,7
37117,2
37119,2
37121,7
37123,2
37125,2
37127,2
37129,2
37131,2
37133,2
37135,2
37137,2
37139,2
37141,2
37143,2
37145,2
37147,2
37149,2
37151,2
37153,2
37155,2
37157,2
37159,2
37161,2
37163,2
37165,2
37167,2
37169,2
37171,2
37173,7
37175,7
37177,2
37179,2
37181,2
37183,2
37185,2
37187,2
37189,7
37191,2
37193,2
37195,2
37197,2
37199,7
38001,9
38003,9
38005,9
38007,9
38009,9
38011,9
38013,9
38015,9
38017,9
38019,9
38021,9
38023,9
38025,9
38027,9
38029,9
38031,9
38033,9
38035,9
38037,9
38039,9
38041,9
38043,9
38045,9
38047,9
38049,9
38051,9
38053,9
38055,9
38057,9
38059,9
38061,9
38063,9
38065,9
38067,9
38069,9
38071,9
38073,9
38075,9
38077,9
38079,9
38081,9
38083,9
38085,9
38087,9
38089,9
38091,9
38093,9
38095,9
38097,9
38099,9
38101,9
38103,9
38105,9
39001,7
39003,5
39005,5
39007,5
39009,7
39011,5
39013,7
39015,7
39017,7
39019,5
39021,7
39023,7
39025,7
39027,7
39029,5
39031,7
39033,5
39035,5
39037,6
39039,5
39041,7
39043,5
39045,7
39047,7
39049,7
39051,5
39053,7
39055,5
39057,7
39059,7
39061,7
39063,5
39065,5
39067,5
39069,5
39071,7
39073,7
39075,5
39077,5
39079,7
39081,5
39083,5
39085,5
39087,7
39089,7
39091,7
39093,5
39095,5
39097,7
39099,5
39101,5
39103,5
39105,7
39107,6
39109,6
39111,1
39113,7
39115,7
39117,5
39119,7
39121,7
39123,5
39125,5
39127,7
39129,7
39131,7
39133,5
39135,6
39137,5
39139,5
39141,7
39143,5
39145,7
39147,5
39149,7
39151,5
39153,5
39155,5
39157,7
39159,7
39161,5
39163,7
39165,7
39167,7
39169,5
39171,5
39173,5
39175,5
40001,8
40003,11
40005,8
40007,10
40009,11
40011,11
40013,8
40015,11
40017,11
40019,11
40021,8
40023,8
40025,10
40027,11
40029,8
40031,11
40033,11
40035,8
40037,11
40039,11
40041,8
40043,10
40045,10
40047,11
40049,11
40051,11
40053,11
40055,11
40057,11
40059,10
40061,8
40063,8
40065,11
40067,11
40069,8
40071,11
40073,11
40075,11
40077,8
40079,8
40081,11
40083,11
40085,11
40087,11
40089,8
40091,8
40093,11
40095,8
40097,8
40099,8
40101,8
40103,11
40105,8
40107,11
40109,11
40111,8
40113,8
40115,8
40117,11
40119,11
40121,8
40123,8
40125,11
40127,8
40129,11
40131,8
40133,8
40135,8
40137,11
40139,10
40141,11
40143,8
40145,8
40147,8
40149,11
40151,11
40153,10
41001,15
41003,16
41005,16
41007,16
41009,16
41011,16
41013,15
41015,16
41017,15
41019,16
41021,15
41023,15
41025,15
41027,16
41029,16
41031,15
41033,16
41035,15
41037,15
41039,16
41041,16
41043,16
41045,15
41047,16
41049,15
41051,16
41053,16
41055,15
41057,16
41059,15
41061,15
41063,15
41065,15
41067,16
41069,15
41071,16
42001,2
42003,1
42005,1
42007,1
42009,2
42011,2
42013,2
42015,1
42017,2
42019,1
42021,1
42023,1
42025,1
42027,1
42029,2
42031,1
42033,1
42035,1
42037,1
42039,1
42041,2
42043,2
42045,2
42047,1
42049,1
42051,1
42053,1
42055,2
42057,2
42059,1
42061,2
42063,1
42065,1
42067,2
42069,1
42071,2
42073,1
42075,2
42077,1
42079,1
42081,1
42083,1
42085,1
42087,2
42089,1
42091,2
42093,1
42095,1
42097,1
42099,2
42101,2
42103,1
42105,1
42107,1
42109,1
42111,1
42113,1
42115,1
42117,1
42119,1
42121,1
42123,1
42125,1
42127,1
42129,1
42131,1
42133,2
44001,1
44003,1
44005,NA
44007,1
44009,1
45001,2
45003,3
45005,3
45007,2
45009,3
45011,3
45013,NA
45015,3
45017,2
45019,3
45021,2
45023,2
45025,2
45027,3
45029,3
45031,2
45033,2
45035,3
45037,3
45039,2
45041,3
45043,3
45045,2
45047,2
45049,3
45051,2
45053,3
45055,2
45057,2
45059,2
45061,2
45063,2
45065,2
45067,3
45069,2
45071,2
45073,2
45075,3
45077,2
45079,2
45081,2
45083,2
45085,2
45087,2
45089,3
45091,2
46003,9
46005,9
46007,9
46009,9
46011,6
46013,9
46015,9
46017,9
46019,9
46021,9
46023,9
46025,9
46027,9
46029,6
46031,9
46033,9
46035,9
46037,9
46039,9
46041,9
46043,9
46045,9
46047,9
46049,9
46051,9
46053,9
46055,9
46057,6
46059,9
46061,6
46063,9
46065,9
46067,6
46069,9
46071,9
46073,9
46075,9
46077,6
46079,6
46081,9
46083,6
46085,9
46087,6
46089,9
46091,9
46093,9
46095,9
46097,6
46099,6
46101,6
46102,9
46103,9
46105,9
46107,9
46109,9
46111,9
46115,9
46117,9
46119,9
46121,9
46123,9
46125,6
46127,9
46129,9
46135,9
46137,9
47001,7
47003,7
47005,8
47007,7
47009,7
47011,7
47013,7
47015,7
47017,8
47019,7
47021,7
47023,8
47025,7
47027,8
47029,7
47031,7
47033,8
47035,7
47037,8
47039,8
47041,7
47043,8
47045,8
47047,8
47049,7
47051,7
47053,8
47055,8
47057,7
47059,7
47061,7
47063,7
47065,7
47067,7
47069,8
47071,8
47073,7
47075,8
47077,8
47079,8
47081,8
47083,8
47085,8
47087,8
47089,7
47091,7
47093,7
47095,8
47097,8
47099,8
47101,8
47103,8
47105,7
47107,7
47109,8
47111,8
47113,8
47115,7
47117,8
47119,8
47121,7
47123,7
47125,7
47127,7
47129,7
47131,8
47133,7
47135,8
47137,7
47139,7
47141,7
47143,7
47145,7
47147,7
47149,8
47151,7
47153,7
47155,7
47157,8
47159,8
47161,8
47163,7
47165,8
47167,8
47169,8
47171,7
47173,7
47175,7
47177,7
47179,7
47181,8
47183,8
47185,7
47187,8
47189,8
48001,11
48003,14
48005,11
48007,3
48009,11
48011,10
48013,11
48015,3
48017,10
48019,11
48021,11
48023,11
48025,11
48027,11
48029,11
48031,11
48033,11
48035,11
48037,8
48039,3
48041,11
48043,14
48045,10
48047,11
48049,11
48051,11
48053,11
48055,11
48057,3
48059,11
48061,11
48063,8
48065,10
48067,8
48069,10
48071,3
48073,11
48075,11
48077,11
48079,10
48081,11
48083,11
48085,11
48087,11
48089,11
48091,11
48093,11
48095,11
48097,11
48099,11
48101,11
48103,11
48105,11
48107,10
48109,14
48111,10
48113,11
48115,11
48117,10
48119,8
48121,11
48123,11
48125,11
48127,11
48129,10
48131,11
48133,11
48135,11
48137,11
48139,11
48141,14
48143,11
48145,11
48147,11
48149,11
48151,11
48153,10
48155,11
48157,3
48159,8
48161,11
48163,11
48165,10
48167,3
48169,11
48171,11
48173,11
48175,11
48177,11
48179,10
48181,11
48183,8
48185,3
48187,11
48189,10
48191,10
48193,11
48195,10
48197,11
48199,3
48201,3
48203,8
48205,10
48207,11
48209,11
48211,10
48213,11
48215,11
48217,11
48219,10
48221,11
48223,11
48225,11
48227,11
48229,14
48231,11
48233,10
48235,11
48237,11
48239,3
48241,3
48243,14
48245,3
48247,11
48249,11
48251,11
48253,11
48255,11
48257,11
48259,11
48261,11
48263,11
48265,11
48267,11
48269,11
48271,11
48273,11
48275,11
48277,8
48279,10
48281,11
48283,11
48285,11
48287,11
48289,11
48291,3
48293,11
48295,10
48297,11
48299,11
48301,14
48303,10
48305,10
48307,11
48309,11
48311,11
48313,11
48315,8
48317,11
48319,11
48321,3
48323,11
48325,11
48327,11
48329,11
48331,11
48333,11
48335,11
48337,11
48339,3
48341,10
48343,8
48345,11
48347,11
48349,11
48351,3
48353,11
48355,11
48357,10
48359,10
48361,3
48363,11
48365,11
48367,11
48369,10
48371,14
48373,11
48375,10
48377,14
48379,11
48381,10
48383,11
48385,11
48387,8
48389,14
48391,11
48393,10
48395,11
48397,11
48399,11
48401,11
48403,8
48405,8
48407,3
48409,11
48411,11
48413,11
48415,11
48417,11
48419,11
48421,10
48423,11
48425,11
48427,11
48429,11
48431,11
48433,11
48435,11
48437,10
48439,11
48441,11
48443,14
48445,10
48447,11
48449,8
48451,11
48453,11
48455,11
48457,3
48459,11
48461,14
48463,11
48465,11
48467,11
48469,11
48471,11
48473,3
48475,14
48477,11
48479,11
48481,3
48483,10
48485,11
48487,11
48489,11
48491,11
48493,11
48495,14
48497,11
48499,11
48501,10
48503,11
48505,11
48507,11
49001,13
49003,15
49005,15
49007,13
49009,13
49011,15
49013,13
49015,13
49017,13
49019,13
49021,13
49023,13
49025,13
49027,15
49029,15
49031,13
49033,15
49035,15
49037,13
49039,15
49041,13
49043,15
49045,15
49047,13
49049,15
49051,15
49053,13
49055,13
49057,15
50001,1
50003,1
50005,1
50007,1
50009,1
50011,1
50013,1
50015,1
50017,1
50019,1
50021,1
50023,1
50025,1
50027,1
51001,2
51003,2
51005,7
51007,2
51009,2
51011,2
51013,2
51015,2
51017,7
51019,2
51021,7
51023,7
51025,2
51027,7
51029,2
51031,2
51033,2
51035,7
51036,2
51037,2
51041,2
51043,2
51045,7
51047,2
51049,2
51051,7
51053,2
51057,2
51059,2
51061,2
51063,2
51065,2
51067,2
51069,2
51071,7
51073,2
51075,2
51077,7
51079,2
51081,2
51083,2
51085,2
51087,2
51089,2
51091,7
51093,2
51095,2
51097,2
51099,2
51101,2
51103,2
51105,7
51107,2
51109,2
51111,2
51113,2
51115,2
51117,2
51119,2
51121,7
51125,2
51127,2
51131,2
51133,2
51135,2
51137,2
51139,2
51141,2
51143,2
51145,2
51147,2
51149,2
51153,2
51155,7
51157,2
51159,2
51161,7
51163,2
51165,2
51167,7
51169,7
51171,2
51173,7
51175,2
51177,2
51179,2
51181,2
51183,2
51185,7
51187,2
51191,7
51193,2
51195,7
51197,7
51199,2
51510,2
51520,7
51530,2
51540,2
51550,2
51570,2
51580,7
51590,2
51595,2
51600,2
51610,2
51620,2
51630,2
51640,7
51650,2
51660,2
51670,2
51678,2
51680,2
51683,2
51685,2
51690,2
51700,2
51710,2
51720,7
51730,2
51735,2
51740,2
51750,7
51760,2
51770,7
51775,7
51790,2
51800,2
51810,2
51820,2
51830,2
51840,2
53001,15
53003,15
53005,15
53007,15
53009,16
53011,16
53013,15
53015,16
53017,15
53019,15
53021,15
53023,15
53025,15
53027,16
53029,16
53031,16
53033,16
53035,16
53037,15
53039,15
53041,16
53043,15
53045,16
53047,15
53049,NA
53051,12
53053,16
53055,16
53057,16
53059,16
53061,16
53063,15
53065,15
53067,16
53069,16
53071,15
53073,16
53075,15
53077,15
54001,1
54003,2
54005,7
54007,1
54009,1
54011,7
54013,1
54015,1
54017,1
54019,1
54021,1
54023,2
54025,7
54027,2
54029,1
54031,2
54033,1
54035,7
54037,2
54039,7
54041,1
54043,7
54045,7
54047,7
54049,1
54051,1
54053,7
54055,7
54057,2
54059,7
54061,1
54063,7
54065,2
54067,1
54069,1
54071,2
54073,1
54075,7
54077,1
54079,7
54081,1
54083,1
54085,1
54087,1
54089,7
54091,1
54093,1
54095,1
54097,1
54099,7
54101,1
54103,1
54105,7
54107,7
54109,7
55001,5
55003,5
55005,5
55007,5
55009,5
55011,6
55013,5
55015,5
55017,5
55019,5
55021,6
55023,6
55025,6
55027,6
55029,5
55031,5
55033,5
55035,5
55037,5
55039,6
55041,5
55043,6
55045,6
55047,6
55049,6
55051,5
55053,5
55055,6
55057,5
55059,6
55061,5
55063,6
55065,6
55067,5
55069,5
55071,5
55073,5
55075,5
55077,6
55078,5
55079,6
55081,5
55083,5
55085,5
55087,5
55089,5
55091,6
55093,6
55095,5
55097,5
55099,5
55101,6
55103,6
55105,6
55107,5
55109,6
55111,6
55113,5
55115,5
55117,5
55119,5
55121,5
55123,6
55125,5
55127,6
55129,5
55131,6
55133,6
55135,5
55137,5
55139,5
55141,5
56001,15
56003,9
56005,9
56007,15
56009,15
56011,9
56013,9
56015,9
56017,9
56019,9
56021,10
56023,12
56025,15
56027,9
56029,9
56031,9
56033,9
56035,15
56037,15
56039,12
56041,15
56043,9
56045,9
